{
  "config": {
    "k": 3,
    "similarity_threshold": 0.25,
    "embedding": {
      "provider": "sentence-transformers",
      "model": "sentence-transformers/all-MiniLM-L6-v2",
      "dimensionality": 384
    },
    "llm_provider": "groq",
    "llm_model": "llama-3.3-70b-versatile",
    "num_questions": 5,
    "num_chunks_in_store": 3
  },
  "retrieval_metrics": {
    "recall@k": 1.0,
    "hit_rate@k": 1.0,
    "mrr@k": 0.9,
    "ndcg@k": 0.9262,
    "context_precision@k": 0.3333
  },
  "answer_metrics": {
    "llm_judge_enabled": false
  },
  "latency": {
    "count": 5,
    "p50_ms": 23.01,
    "p95_ms": 35.04,
    "mean_ms": 26.12,
    "max_ms": 35.65
  },
  "warnings": [],
  "per_question": [
    {
      "id": "q1",
      "question": "What does a cosine similarity of 1.0 between two vectors mean?",
      "gold_chunk_ids": [
        "76c092519dc1ab2e9aecb8bcfdf0900e914d53540b55270d858ede9278fb6377"
      ],
      "retrieved_chunk_ids": [
        "76c092519dc1ab2e9aecb8bcfdf0900e914d53540b55270d858ede9278fb6377",
        "ca0836823170a5308b44c190f18f34b74ad009e97141fbb1b83c05a8c367fcc2",
        "3ece9d0e904eae30462856d3c81b4a137e41d08f5259f27a2122ef420580a875"
      ],
      "retrieval_latency_ms": 20.77,
      "retrieval_metrics": {
        "recall@k": 1.0,
        "hit_rate@k": 1.0,
        "mrr@k": 1.0,
        "ndcg@k": 1.0,
        "context_precision@k": 0.3333333333333333
      }
    },
    {
      "id": "q2",
      "question": "Why is ChromaDB a low-cost vector store compared to a fully managed one?",
      "gold_chunk_ids": [
        "3ece9d0e904eae30462856d3c81b4a137e41d08f5259f27a2122ef420580a875"
      ],
      "retrieved_chunk_ids": [
        "3ece9d0e904eae30462856d3c81b4a137e41d08f5259f27a2122ef420580a875",
        "76c092519dc1ab2e9aecb8bcfdf0900e914d53540b55270d858ede9278fb6377",
        "ca0836823170a5308b44c190f18f34b74ad009e97141fbb1b83c05a8c367fcc2"
      ],
      "retrieval_latency_ms": 18.54,
      "retrieval_metrics": {
        "recall@k": 1.0,
        "hit_rate@k": 1.0,
        "mrr@k": 1.0,
        "ndcg@k": 1.0,
        "context_precision@k": 0.3333333333333333
      }
    },
    {
      "id": "q3",
      "question": "How does deriving a chunk id from its content make re-ingestion idempotent?",
      "gold_chunk_ids": [
        "3ece9d0e904eae30462856d3c81b4a137e41d08f5259f27a2122ef420580a875"
      ],
      "retrieved_chunk_ids": [
        "ca0836823170a5308b44c190f18f34b74ad009e97141fbb1b83c05a8c367fcc2",
        "3ece9d0e904eae30462856d3c81b4a137e41d08f5259f27a2122ef420580a875",
        "76c092519dc1ab2e9aecb8bcfdf0900e914d53540b55270d858ede9278fb6377"
      ],
      "retrieval_latency_ms": 23.01,
      "retrieval_metrics": {
        "recall@k": 1.0,
        "hit_rate@k": 1.0,
        "mrr@k": 0.5,
        "ndcg@k": 0.6309297535714575,
        "context_precision@k": 0.3333333333333333
      }
    },
    {
      "id": "q4",
      "question": "What should a RAG system do when no retrieved chunk is relevant to the question?",
      "gold_chunk_ids": [
        "ca0836823170a5308b44c190f18f34b74ad009e97141fbb1b83c05a8c367fcc2"
      ],
      "retrieved_chunk_ids": [
        "ca0836823170a5308b44c190f18f34b74ad009e97141fbb1b83c05a8c367fcc2",
        "3ece9d0e904eae30462856d3c81b4a137e41d08f5259f27a2122ef420580a875",
        "76c092519dc1ab2e9aecb8bcfdf0900e914d53540b55270d858ede9278fb6377"
      ],
      "retrieval_latency_ms": 35.65,
      "retrieval_metrics": {
        "recall@k": 1.0,
        "hit_rate@k": 1.0,
        "mrr@k": 1.0,
        "ndcg@k": 1.0,
        "context_precision@k": 0.3333333333333333
      }
    },
    {
      "id": "q5",
      "question": "Which metrics are used to measure retrieval quality in RAG?",
      "gold_chunk_ids": [
        "ca0836823170a5308b44c190f18f34b74ad009e97141fbb1b83c05a8c367fcc2"
      ],
      "retrieved_chunk_ids": [
        "ca0836823170a5308b44c190f18f34b74ad009e97141fbb1b83c05a8c367fcc2",
        "76c092519dc1ab2e9aecb8bcfdf0900e914d53540b55270d858ede9278fb6377",
        "3ece9d0e904eae30462856d3c81b4a137e41d08f5259f27a2122ef420580a875"
      ],
      "retrieval_latency_ms": 32.63,
      "retrieval_metrics": {
        "recall@k": 1.0,
        "hit_rate@k": 1.0,
        "mrr@k": 1.0,
        "ndcg@k": 1.0,
        "context_precision@k": 0.3333333333333333
      }
    }
  ]
}